id,n1_id,n2_id,length,voltage
1,1,2,164411.155717,230000
2,3,4,50502.9586941,230000
