id,n1_id,n2_id,length,voltage
1,1,2,12579.5766675,132000
2,1,3,20462.3632861,132000
3,1,4,24143.6121775,132000
4,1,5,16551.8220606,132000
5,4,6,16116.5653623,132000
6,7,8,77.4036737366,132000
7,9,10,20049.9032631,132000
8,9,11,18405.493121,132000
9,12,13,40616.9230652,132000
10,10,6,16988.8140199,132000
11,6,8,33015.4194788,132000
12,6,11,32330.7721435,132000
