id,n1_id,n2_id,length,voltage
1,1,2,1757.01027025,110000
2,3,4,3256.21480547,220000
3,3,5,2938.58992781,220000
4,2,6,2388.16055444,220000
