id,n1_id,n2_id,length,voltage
1,1,2,1761.03051434,110000
2,3,4,6023.60151178,110000
3,5,6,13756.2843791,110000
4,7,8,3208.05964,220000
5,2,9,2388.16055444,220000
