id,n1_id,n2_id,length,voltage
1,1,2,18139.878702,138000
2,3,4,24341.8370542,138000
3,3,5,13215.9785676,138000
4,3,6,16735.4487019,138000
5,7,8,105256.839202,230000
6,9,10,98814.5348345,230000
7,10,11,42175.0475038,230000
