id,n1_id,n2_id,length,voltage
1,1,2,18139.8881961,138000
2,3,4,24341.8296786,138000
3,3,5,13215.9683446,138000
4,3,6,16735.4476264,138000
5,7,8,105256.843041,230000
6,9,10,98814.5290905,230000
7,10,11,42175.0491839,230000
