id,n1_id,n2_id,length,voltage
1,1,2,50374.7520372,220000
2,3,4,98738.0602543,220000
