id,n1_id,n2_id,length,voltage
1,1,2,50374.7431554,220000
2,3,4,156935.413571,220000
