id,n1_id,n2_id,length,voltage
1,1,2,8718.51583615,138000
2,3,4,39131.1183335,138000
3,5,6,24.9273389127,138000
4,7,8,8632.64494823,138000
5,9,10,23364.2032611,138000
6,9,6,55472.9240018,138000
7,11,6,40162.9841522,138000
8,11,12,33319.8229618,138000
9,10,6,30548.3224851,138000
10,10,13,14784.3053985,138000
11,14,4,4.21331585853,138000
12,15,6,175.172683879,138000
13,16,4,48863.6629598,138000
