id,n1_id,n2_id,length,voltage
1,1,2,8718.51272772,138000
2,3,4,39131.1078747,138000
3,5,6,24.9273389131,138000
4,7,8,8632.64635628,138000
5,9,10,23364.2124139,138000
6,9,6,55472.9135104,138000
7,11,6,40162.9883584,138000
8,11,12,33319.8236818,138000
9,10,6,30548.3317629,138000
10,10,13,14784.2961048,138000
11,14,4,4.21331585802,138000
12,15,6,175.172680807,138000
13,16,4,48863.6658697,138000
