id,n1_id,n2_id,length,voltage
1,1,2,12943.1585377,110000
2,1,3,11482.9880884,110000
3,4,5,8459.63891392,110000
4,6,7,32813.4203903,110000
5,6,8,13438.0188464,110000
6,9,10,36269.6860107,110000
7,11,8,36151.5137658,110000
8,12,13,24267.0614732,110000
9,12,14,10232.5897754,110000
10,15,16,8438.75704457,110000
11,17,18,4210.73359956,110000
12,19,16,62178.7045124,220000
13,20,21,321.156771634,220000
14,22,23,4987.22008231,220000
