id,n1_id,n2_id,length,voltage
1,1,2,44392.8534576,110000
2,1,3,43051.6683631,110000
3,4,5,48873.5484812,110000
4,4,6,49619.6288816,110000
5,7,6,6384.84359042,110000
6,8,9,604.763009687,220000
7,9,10,18973.42355,220000
8,9,11,61393.6121411,220000
9,12,13,107097.435263,220000
10,14,15,69562.7172909,220000
11,8,16,66340.4725073,500000
12,8,17,36172.4095572,500000
13,16,18,31831.3057938,500000
14,19,17,69163.7860802,500000
