id,n1_id,n2_id,length,voltage
1,1,2,68651.6424503,220000
2,3,4,28299.6878391,220000
3,3,5,1852.77216741,220000
4,6,7,6862.31580212,220000
5,6,8,425.757153639,220000
