id,n1_id,n2_id,length,voltage
1,1,2,68651.6422256,220000
2,3,4,28299.687719,220000
3,3,5,1852.77102316,220000
4,6,7,6862.31560448,220000
5,6,8,425.760026565,220000
