id,n1_id,n2_id,length,voltage
1,1,2,13320.3261924,220000
2,3,4,68651.6424503,220000
3,5,6,31239.8927494,220000
4,7,6,28299.6878391,220000
5,7,8,1852.77216741,220000
6,9,10,6862.31580212,220000
7,9,11,425.757153639,220000
