id,n1_id,n2_id,length,voltage
1,1,2,110211.897161,230000
2,3,4,28550.2773325,230000
