id,n1_id,n2_id,length,voltage
1,1,2,98528.4978085,90000
2,3,2,122769.48206,90000
3,3,4,82403.3381371,90000
4,1,5,227561.133542,225000
5,3,6,98615.9606503,225000
6,7,6,164606.268496,225000
