id,n1_id,n2_id,length,voltage
1,1,2,227561.133521,225000
2,3,4,98615.9606548,225000
3,5,4,164606.268467,225000
