id,n1_id,n2_id,length,voltage
1,1,2,98419.2900287,220000
2,1,3,12496.3150923,220000
3,4,5,2465.37976569,220000
4,6,2,4129.96038576,220000
5,3,5,107756.736964,220000
6,3,7,78390.8547261,220000
7,3,8,45510.0390934,220000
8,8,5,15219.3508137,220000
9,8,2,16250.3946774,220000
10,9,2,4561.72719674,220000
