id,n1_id,n2_id,length,voltage
1,1,2,13498.8311931,220000
2,1,3,11214.1214019,220000
3,4,5,10359.4089589,220000
4,4,2,17903.2423784,220000
5,6,7,12786.9416029,220000
6,8,9,5173.4236602,220000
7,5,10,23592.4120733,220000
8,5,11,2616.72123539,220000
9,3,7,10504.9974811,220000
10,7,12,4330.61766272,220000
11,13,12,28.3230443899,220000
