id,n1_id,n2_id,length,voltage
1,1,2,47114.1333589,220000
2,1,3,90745.435987,220000
3,4,5,17898.8312429,220000
4,6,7,25758.5217671,220000
5,3,8,16102.4743672,220000
6,9,10,2073.88757372,220000
7,11,12,12644.6374326,220000
8,11,13,72053.2871059,220000
9,11,14,18252.8759814,220000
10,15,16,6513.13421385,220000
