id,n1_id,n2_id,length,voltage
1,1,2,41224.9089773,115000
2,3,4,5069.95223916,115000
3,5,4,1981.11538996,115000
4,6,7,17859.408335,115000
5,8,9,12327.1511262,115000
6,4,10,17972.9268878,115000
7,4,11,29100.4721288,115000
8,10,11,14281.9545825,115000
