id,n1_id,n2_id,length,voltage
1,1,2,92646.2824419,220000
2,1,3,27303.998741,220000
3,4,5,7902.44046886,220000
4,6,7,4007.01023029,220000
5,2,7,33285.3301448,220000
6,2,5,51270.9151849,220000
7,7,8,292.844707207,220000
8,9,10,140.907786885,220000
9,11,10,172400.39293,220000
10,5,3,84299.0231294,220000
