id,n1_id,n2_id,length,voltage
1,1,2,48450.0142176,150000
2,3,4,738.385486619,150000
3,5,6,73367.159261,150000
4,5,7,90275.689095,150000
5,5,8,31611.8815176,150000
6,9,10,30734.6189863,150000
7,9,11,108059.355213,150000
8,9,12,15573.7543013,150000
9,13,14,5279.33362052,150000
10,15,11,87389.3760061,150000
11,15,16,90114.5963934,150000
12,17,18,64610.0477655,150000
13,19,2,73942.5960277,150000
