id,n1_id,n2_id,length,voltage
1,1,2,34206.7192805,220000
2,3,4,4727.66307336,220000
3,5,6,130166.780111,220000
4,5,7,40798.785604,220000
5,8,9,9220.6175498,220000
6,10,11,20897.8461734,220000
7,10,12,50443.6433129,220000
8,10,9,122556.627101,220000
9,11,13,104158.860494,220000
10,11,14,108612.573141,220000
11,15,2,75438.9826754,220000
12,7,9,24296.5901797,220000
13,16,2,79860.1621686,220000
14,12,17,4409.44921622,220000
15,12,9,29442.8218737,220000
