id,n1_id,n2_id,length,voltage
1,1,2,32236.3945891,132000
2,3,4,1358.1710435,132000
3,5,2,118607.157848,132000
4,6,7,49934.9098023,132000
5,8,2,56419.3684638,132000
6,9,10,20266.3319972,132000
7,11,12,17472.1893486,132000
