id,n1_id,n2_id,length,voltage
1,1,2,32236.3945868,132000
2,3,4,1358.17104339,132000
3,5,2,118607.149826,132000
4,6,7,49934.9105532,132000
5,8,2,56419.3682939,132000
6,9,10,20266.3303098,132000
7,11,12,17472.1905329,132000
