id,n1_id,n2_id,length,voltage
1,1,2,17012.6598713,220000
2,3,4,80727.1369296,220000
3,3,5,46882.6849838,220000
4,6,7,74263.0222733,220000
5,6,8,109896.30958,220000
6,7,9,73921.6498387,220000
7,10,11,9997.45582657,220000
8,5,12,92615.4611089,220000
9,5,13,111008.72734,220000
10,14,11,95090.9705082,220000
11,15,8,157198.217292,220000
12,15,12,33840.5433711,220000
