id,n1_id,n2_id,length,voltage
1,1,2,17012.6598862,220000
2,3,4,80727.1351918,220000
3,3,5,46882.6849803,220000
4,6,7,74263.0220655,220000
5,6,8,109896.309823,220000
6,7,9,73921.6499396,220000
7,10,11,9997.45582653,220000
8,5,12,92615.46112,220000
9,5,13,111008.721294,220000
10,14,11,95090.9705087,220000
11,15,8,157198.21729,220000
12,15,12,33840.530957,220000
