id,n1_id,n2_id,length,voltage
1,1,2,66212.6872584,230000
2,3,4,758.036300817,230000
3,2,5,35666.2778504,230000
4,2,6,14332.7222992,230000
5,7,8,98195.0851483,230000
6,9,10,97055.5975048,230000
7,9,11,14907.5740815,230000
8,12,6,14951.7990329,230000
9,13,14,19425.3861229,230000
10,15,16,135786.215349,230000
11,6,17,10604.8712957,230000
12,18,19,9809.96776367,230000
13,20,10,62928.635579,230000
